{"Hoffmann Form": {"loss": 0.005021654212110655, "params": [3.9388019787438124, 13.055763753008362, 0.592076393221421, 0.20019580085843525, 0.6356967859533506], "form": "chinchilla", "plot_info": {"C": [5.88e+23, 9e+20, 8.4e+23, 3.7908e+25, 1e+18, 1e+19, 1e+20, 1e+21, 1e+22, 1e+23, 1e+24, 1e+25, 1e+26], "N": [1405211692391.8765, 10158512783.515244, 1843082532264.3843, 33400744841180.37, 57560827.519554615, 331609982.41997486, 1910416948.109694, 11005980245.198174, 63405845136.34521, 365283337593.50665, 2104410349495.784, 12123583156681.305, 69844395410896.58], "D": [69740381844.66684, 14765940959.725222, 75959702047.63324, 189157458315.4333, 2895487675.3647523, 5025984605.481145, 8724099041.917463, 15143282374.99627, 26285694372.22607, 45626681951.78836, 79198748811.79897, 137473108826.59036, 238625684546.57227], "L": [2.0575272251662287, 2.47789276954932, 2.044324543097587, 1.9402031223354474, 3.6955363384552813, 3.1372938609098937, 2.7441297570872787, 2.467228555992146, 2.2722100524653843, 2.134860642035231, 2.0381269464917113, 1.9699984570850169, 1.9220163031648259], "D/N": [0.049629804692244255, 1.4535534161739398, 0.041213402394037264, 0.005663270661024832, 50.30309326913507, 15.156312752720074, 4.566594245591112, 1.3759140065332363, 0.4145626371780463, 0.124907646355779, 0.03763465088012657, 0.011339313390268533, 0.0034165330395192132]}}}