{"Hoffmann Form": {"loss": 0.005021654212110655, "params": [3.9388019787438124, 13.055763753008362, 0.592076393221421, 0.20019580085843525, 0.6356967859533506], "form": "chinchilla", "plot_info": {"C": [5.88e+23, 9e+20, 8.4e+23, 3.7908e+25, 1e+18, 1e+19, 1e+20, 1e+21, 1e+22, 1e+23, 1e+24, 1e+25, 1e+26], "N": [1405211692391.8765, 10158512783.515244, 1843082532264.3843, 33400744841180.37, 57560827.519554615, 331609982.41997486, 1910416948.109694, 11005980245.198174, 63405845136.34521, 365283337593.50665, 2104410349495.784, 12123583156681.305, 69844395410896.58], "D": [69740381844.66684, 14765940959.725222, 75959702047.63324, 189157458315.4333, 2895487675.3647523, 5025984605.481145, 8724099041.917463, 15143282374.99627, 26285694372.22607, 45626681951.78836, 79198748811.79897, 137473108826.59036, 238625684546.57227], "L": [2.0575272251662287, 2.47789276954932, 2.044324543097587, 1.9402031223354474, 3.6955363384552813, 3.1372938609098937, 2.7441297570872787, 2.467228555992146, 2.2722100524653843, 2.134860642035231, 2.0381269464917113, 1.9699984570850169, 1.9220163031648259], "D/N": [0.049629804692244255, 1.4535534161739398, 0.041213402394037264, 0.005663270661024832, 50.30309326913507, 15.156312752720074, 4.566594245591112, 1.3759140065332363, 0.4145626371780463, 0.124907646355779, 0.03763465088012657, 0.011339313390268533, 0.0034165330395192132]}}, "IsoFLOP (basic)": {"params": {"n_exponent": 0.5841934676058397, "n_coef": 0.0041397128106934735, "n_r2": 1.0, "t_exponent": 0.41918310822505134, "t_coef": 37.172005644598215, "t_r2": 1.0, "multiplier_exponent": -0.16838693521168016, "multiplier_coef": 9725.419041606712, "multiplier_r2": 1.0, "A": 101.43221798611816, "E": 0.9016136181888956, "alpha": 0.08895285800384195}, "form": "isoflop basic", "plot_info": {"C": [5.88e+23, 9e+20, 8.4e+23, 3.7908e+25, 1e+18, 1e+19, 1e+20, 1e+21, 1e+22, 1e+23, 1e+24, 1e+25, 1e+26], "N": [318335575862.2078, 7216087754.031203, 392082888890.39954, 3629925388280.549, 135660255.36332962, 520770167.83315027, 1999123228.6761281, 7674198581.806829, 29459576592.487827, 113088897004.32072, 434123640083.6485, 1666506083902.0889, 6397353821016.3955], "D": [307851234454.61053, 20786886899.511974, 357067354803.9857, 1740531642991.3616, 1228559287.4662862, 3200388135.9053783, 8336988149.401761, 21717794358.59038, 56574698602.14032, 147376684256.014, 383915205895.1518, 1000096358942.8981, 2605243845027.585], "L": null, "D/N": [0.9670651281145672, 2.880631113154017, 0.9106935419051102, 0.47949515673539234, 9.056147536918013, 6.145490532266341, 4.170322284195924, 2.8299755508121214, 1.9204179131538106, 1.303193223737811, 0.8843453119051007, 0.6001156363025051, 0.4072377295232469]}}, "IsoFLOP (weighted)": {"params": {"n_exponent": 0.5841934676058396, "n_coef": 0.0041397128106934735, "n_r2": 1.0, "t_exponent": 0.4191831082250514, "t_coef": 37.17200564459808, "t_r2": 1.0, "multiplier_exponent": -0.16838693521168013, "multiplier_coef": 9725.419041606696, "multiplier_r2": 1.0, "A": 148.4131591025766, "E": 1.0, "alpha": 0.1}, "form": "isoflop weighted", "plot_info": {"C": [5.88e+23, 9e+20, 8.4e+23, 3.7908e+25, 1e+18, 1e+19, 1e+20, 1e+21, 1e+22, 1e+23, 1e+24, 1e+25, 1e+26], "N": [318335575862.2059, 7216087754.031163, 392082888890.39716, 3629925388280.525, 135660255.363329, 520770167.83314776, 1999123228.6761177, 7674198581.8067875, 29459576592.48766, 113088897004.32005, 434123640083.6459, 1666506083902.0781, 6397353821016.353], "D": [307851234454.6124, 20786886899.51209, 357067354803.9879, 1740531642991.373, 1228559287.466292, 3200388135.9053936, 8336988149.401805, 21717794358.5905, 56574698602.14063, 147376684256.0149, 383915205895.15405, 1000096358942.9044, 2605243845027.6025], "L": null, "D/N": [0.9670651281145791, 2.8806311131540485, 0.9106935419051213, 0.47949515673539866, 9.056147536918097, 6.1454905322663995, 4.170322284195968, 2.829975550812152, 1.9204179131538321, 1.3031932237378265, 0.8843453119051112, 0.6001156363025129, 0.4072377295232524]}}, "IsoFLOP (bs_median)": {"params": {"n_exponent": 0.5841934676058397, "n_coef": 0.0041397128106934735, "n_r2": 1.0, "t_exponent": 0.41918310822505134, "t_coef": 37.172005644598215, "t_r2": 1.0, "multiplier_exponent": -0.16838693521168016, "multiplier_coef": 9725.419041606712, "multiplier_r2": 1.0, "A": 101.43221798611816, "E": 0.9016136181888956, "alpha": 0.08895285800384195}, "form": "isoflop bs_median", "plot_info": {"C": [5.88e+23, 9e+20, 8.4e+23, 3.7908e+25, 1e+18, 1e+19, 1e+20, 1e+21, 1e+22, 1e+23, 1e+24, 1e+25, 1e+26], "N": [318335575862.2078, 7216087754.031203, 392082888890.39954, 3629925388280.549, 135660255.36332962, 520770167.83315027, 1999123228.6761281, 7674198581.806829, 29459576592.487827, 113088897004.32072, 434123640083.6485, 1666506083902.0889, 6397353821016.3955], "D": [307851234454.61053, 20786886899.511974, 357067354803.9857, 1740531642991.3616, 1228559287.4662862, 3200388135.9053783, 8336988149.401761, 21717794358.59038, 56574698602.14032, 147376684256.014, 383915205895.1518, 1000096358942.8981, 2605243845027.585], "L": null, "D/N": [0.9670651281145672, 2.880631113154017, 0.9106935419051102, 0.47949515673539234, 9.056147536918013, 6.145490532266341, 4.170322284195924, 2.8299755508121214, 1.9204179131538106, 1.303193223737811, 0.8843453119051007, 0.6001156363025051, 0.4072377295232469]}}, "IsoFLOP (bs_median_weighted)": {"params": {"n_exponent": 0.5841934676058396, "n_coef": 0.0041397128106934735, "n_r2": 1.0, "t_exponent": 0.4191831082250514, "t_coef": 37.17200564459808, "t_r2": 1.0, "multiplier_exponent": -0.16838693521168016, "multiplier_coef": 9725.419041606712, "multiplier_r2": 1.0, "A": 148.4131591025766, "E": 1.0, "alpha": 0.1}, "form": "isoflop bs_median_weighted", "plot_info": {"C": [5.88e+23, 9e+20, 8.4e+23, 3.7908e+25, 1e+18, 1e+19, 1e+20, 1e+21, 1e+22, 1e+23, 1e+24, 1e+25, 1e+26], "N": [318335575862.2059, 7216087754.031163, 392082888890.39716, 3629925388280.525, 135660255.363329, 520770167.83314776, 1999123228.6761177, 7674198581.8067875, 29459576592.48766, 113088897004.32005, 434123640083.6459, 1666506083902.0781, 6397353821016.353], "D": [307851234454.6124, 20786886899.51209, 357067354803.9879, 1740531642991.373, 1228559287.466292, 3200388135.9053936, 8336988149.401805, 21717794358.5905, 56574698602.14063, 147376684256.0149, 383915205895.15405, 1000096358942.9044, 2605243845027.6025], "L": null, "D/N": [0.9670651281145791, 2.8806311131540485, 0.9106935419051213, 0.47949515673539866, 9.056147536918097, 6.1454905322663995, 4.170322284195968, 2.829975550812152, 1.9204179131538321, 1.3031932237378265, 0.8843453119051112, 0.6001156363025129, 0.4072377295232524]}}, "Hoffmann w/ alpha=beta": {"loss": 0.005243705787850444, "params": [10.420172618397713, 12.435421817813246, 0.9341376764647259, 0.6033796218161143, 0.6033796218161143], "form": "chinchilla", "plot_info": {"C": [5.88e+23, 9e+20, 8.4e+23, 3.7908e+25, 1e+18, 1e+19, 1e+20, 1e+21, 1e+22, 1e+23, 1e+24, 1e+25, 1e+26], "N": [58932544674.32667, 2305620292.093547, 70437863415.63249, 473186087397.8925, 76854009.73645157, 243033718.08394393, 768540097.3645157, 2430337180.839439, 7685400973.645156, 24303371808.39439, 76854009736.45157, 243033718083.9439, 768540097364.5157], "D": [1662918181143.6807, 65058414221.275406, 1987567385085.2407, 13352040916383.328, 2168613807.375847, 6857758996.597335, 21686138073.75847, 68577589965.973335, 216861380737.5847, 685775899659.7334, 2168613807375.8472, 6857758996597.334, 21686138073758.473], "L": [2.566291464352674, 2.6953798883836244, 2.564121177197668, 2.5510709718532976, 3.715602937177054, 3.1294218612742526, 2.8367762720471426, 2.690675614051348, 2.6177361847465077, 2.5813218357606944, 2.563142302075028, 2.554066334654684, 2.5495352401811173], "D/N": [28.21731507324701, 28.217315073247008, 28.217315073247008, 28.217315073247008, 28.217315073247004, 28.217315073247008, 28.217315073247004, 28.217315073247008, 28.217315073247008, 28.217315073247008, 28.217315073247008, 28.217315073247008, 28.217315073247008]}}}